{
  "BRIDEGE_SEC2_SEC3_1": [ 8000, -1301, 18100 ],
  "BRIDEGE_SEC2_SEC3_2": [ 10000, -1301, 18100 ],
  "BRIDEGE_SEC2_SEC3_3": [ 9000, -1301, 18100 ],
  "SIGN_SCROLL": [ 2700, 200, 7000 ],
  "SIGN_PUZZLE": [ 11200, -1800, 8200 ],
  "SIGN_MEDUSA": [ 13000, -3250, 1300 ],
  "SIGN_BOSS": [ 14000, -4500, 8000 ],
  "DOOR_WALL_SEC1": [ 0, 0, 7500 ],
  "DOOR_WALL_SEC2": [ 10300, -2000, 7500 ],
  "DOOR_WALL_SEC3": [ 13500, -3500, 0 ],
  "DOOR_WALL_SEC4": [ 14000, -4500, 8000 ],
  "DOOR_WALL_SEC5": [ 14000, -7050, 13650 ],
  "WALL_1": [ 13750, -2250, 4750 ],
  "WALL_2": [ 13750, -2250, 6250 ],
  "PUZZLE_1": [ 10500, -2000, 9500 ],
  "PUZZLE_2": [ 0, -0, 0 ],
  "DRY_FOREST_ROCK_1": [ 500, -1014, -19500 ],
  "DRY_FOREST_ROCK_2": [ 1500, -990, 19000 ],
  "DRY_FOREST_DRY_TREE_1": [ 900, -1034, 18800 ],
  "DRY_FOREST_DRY_TREE_2": [ 7300, -1152, 19300 ],
  "DRY_FOREST_DRY_TREE_3": [ 200, -1084, 17000 ],
  "DRY_FOREST_DRY_TREE_4": [ 3200, -1022, 17000 ],
  "DRY_FOREST_STUMP_1": [ 200, -1004, 18000 ],
  "DRY_FOREST_DEAD_TREE_1": [ 3700, 107, 19000 ],
  "DRY_FOREST_DEAD_TREE_2": [ 1500, -402, 17500 ],
  "DRY_FOREST_DEAD_TREE_3": [ 6500, 374, 17500 ],
  "DESERT_ROCK_1": [ 11000, -982, 19500 ],
  "DESERT_ROCK_2": [ 11300, -1007, 18700 ],
  "DESERT_ROCK_3": [ 10500, -1011, 19400 ],
  "DESERT_ROCK_4": [ 10400, -1014, 19100 ],
  "DESERT_ROCK_5": [ 10700, -1067, 18800 ],
  "DESERT_ROCK_6": [ 10200, -1955, 13900 ],
  "DESERT_ROCK_7": [ 10700, -2001, 13900 ],
  "DESERT_ROCK_8": [ 10400, -1971, 13500 ],
  "DESERT_ROCK_9": [ 13200, -1996, 15300 ],
  "DESERT_ROCK_10": [ 13000, -2029, 11700 ], 
  "MONSTER_MELEE_1": [ 2005, 114, 11650 ],
  "MONSTER_MELEE_2": [ 7800, 34, 11450 ],
  "MONSTER_MELEE_3": [ 12100, -989, 17950 ],
  "MONSTER_MELEE_4": [ 11900, -2004, 13300 ],
  "MONSTER_MELEE_5": [ 11900, -3530, 3250 ],
  "MONSTER_MELEE_6": [ 0, 0, 0 ],
  "MONSTER_MELEE_7": [ 0, 0, 0 ],
  "MONSTER_MELEE_8": [ 0, 0, 0 ],
  "MONSTER_MELEE_9": [ 0, 0, 0 ],
  "MONSTER_MELEE_10": [ 0, 0, 0 ],
  "MONSTER_RANGE_1": [ 1825, 0, 3050 ],
  "MONSTER_RANGE_2": [ 1600, 0, 2950 ],
  "MONSTER_RANGE_3": [ 1300, 0, 1450 ],
  "MONSTER_RANGE_4": [ 1400, 0, 1200 ],
  "MONSTER_RANGE_5": [ 1200, 0, 2750 ],
  "MONSTER_RANGE_6": [ 0, 0, 0 ],
  "MONSTER_RANGE_7": [ 0, 0, 0 ],
  "MONSTER_RANGE_8": [ 0, 0, 0 ],
  "MONSTER_RANGE_9": [ 0, 0, 0 ],
  "MONSTER_RANGE_10": [ 0, 0, 0 ],
  "BOSS": [ 0, 0, 0 ],
  "PUZZLE_BOX_1": [ 10900, -1700, 9800 ],
  "PUZZLE_BOX_2": [ 10900, -1700, 10100 ],
  "PUZZLE_BOX_3": [ 10900, -1700, 10300 ],
  "PUZZLE_BOX_4": [ 10900, -1700, 10500 ],
  "PUZZLE_BOX_5": [ 10900, -1700, 10700 ],
  "PUZZLE_BOX_6": [ 12700, -1700, 9800 ],
  "PUZZLE_BOX_7": [ 12700, -1700, 10100 ],
  "PUZZLE_BOX_8": [ 12700, -1700, 10300 ],
  "PUZZLE_BOX_9": [ 12700, -1700, 10500 ],
  "PUZZLE_BOX_10": [ 12700, -1700, 10700 ]
}